name	ext_reads	ext_files	internal_refs	files
WA_AI_CONFIG_AIRFORCE_uses_attackers	1	1	0	common/scripted_triggers/WA_AI_RESEARCH_air.txt
WA_AI_CONFIG_AIRFORCE_uses_fast_bombers	1	1	0	common/scripted_triggers/WA_AI_RESEARCH_air.txt
WA_AI_CONFIG_AIRFORCE_uses_heavy_fighters	1	1	0	common/scripted_triggers/WA_AI_RESEARCH_air.txt
WA_AI_CONFIG_AIRFORCE_uses_heavy_strategic	1	1	0	common/scripted_triggers/WA_AI_RESEARCH_air.txt
WA_AI_CONFIG_AIRFORCE_uses_interceptors	1	1	0	common/scripted_triggers/WA_AI_RESEARCH_air.txt
WA_AI_CONFIG_AIRFORCE_uses_multirole_fighters	1	1	0	common/scripted_triggers/WA_AI_RESEARCH_air.txt
WA_AI_CONFIG_AIRFORCE_uses_strike_bombers	1	1	0	common/scripted_triggers/WA_AI_RESEARCH_air.txt
WA_AI_CONFIG_DIVISIONS_can_motorize_support	29	8	0	common/on_actions/WA_AI_misc_on_actions.txt;common/scripted_effects/WA_AI_DIVISION_CREATOR_effects.txt;common/scripted_effects/WA_AI_TEMPLATES_effects.txt;common/scripted_effects/WA_TEST_templates.txt;common/scripted_effects/WA_reserves_effects.txt;common/scripted_localisation/WA_AI_DIVISION_CREATOR_scripted_loc.txt;common/scripted_triggers/WA_AI_RESEARCH_tanks.txt;common/scripted_triggers/WA_AI_TEMPLATES_triggers.txt
WA_AI_CONFIG_DIVISIONS_focus_on_heavy_armor	5	2	0	common/scripted_triggers/WA_AI_PRODUCTION_tanks.txt;common/scripted_triggers/WA_AI_RESEARCH_tanks.txt
WA_AI_CONFIG_DIVISIONS_focus_on_light_armor	1	1	0	common/scripted_triggers/WA_AI_PRODUCTION_tanks.txt
WA_AI_CONFIG_DIVISIONS_focus_on_medium_armor	4	2	0	common/scripted_triggers/WA_AI_PRODUCTION_tanks.txt;common/scripted_triggers/WA_AI_RESEARCH_tanks.txt
WA_AI_CONFIG_DIVISIONS_force_mountainneers_instead_of_marines	1	1	0	common/scripted_triggers/WA_AI_TEMPLATES_triggers.txt
WA_AI_CONFIG_DIVISIONS_has_access_to_oil	0	0	0	
WA_AI_CONFIG_DIVISIONS_is_expected_marshes_or_mountains	16	4	0	common/scripted_effects/WA_AI_TEMPLATES_effects.txt;common/scripted_effects/WA_TEST_templates.txt;common/scripted_triggers/WA_AI_RESEARCH_army.txt;common/scripted_triggers/WA_AI_TEMPLATES_triggers.txt
WA_AI_CONFIG_DIVISIONS_is_expeditionary_mechanized_major	3	2	0	common/scripted_triggers/WA_AI_PRODUCTION_army_composition.txt;common/scripted_triggers/WA_AI_TEMPLATES_triggers.txt
WA_AI_CONFIG_DIVISIONS_mechanization_window_open	3	2	1	common/scripted_effects/WA_AI_TEMPLATES_effects.txt;common/scripted_effects/WA_TEST_armor_budget.txt
WA_AI_CONFIG_DIVISIONS_use_anti_air_brigades	1	1	0	common/scripted_triggers/WA_AI_RESEARCH_army.txt
WA_AI_CONFIG_DIVISIONS_use_anti_tank_brigades	1	1	0	common/scripted_triggers/WA_AI_RESEARCH_army.txt
WA_AI_CONFIG_DIVISIONS_use_armored_cars	1	1	0	common/scripted_triggers/WA_AI_RESEARCH_tanks.txt
WA_AI_CONFIG_DIVISIONS_use_armored_divisions	3	3	1	common/scripted_effects/AST_scripted_effects.txt;common/scripted_triggers/WA_AI_RESEARCH_support.txt;common/scripted_triggers/WA_AI_TEMPLATES_triggers.txt
WA_AI_CONFIG_DIVISIONS_use_default_templates	2	2	0	common/scripted_effects/WA_AI_TEMPLATES_effects.txt;common/scripted_effects/WA_TEST_templates.txt
WA_AI_CONFIG_DIVISIONS_use_heavy_artillery	1	1	0	common/scripted_triggers/WA_AI_RESEARCH_army.txt
WA_AI_CONFIG_DIVISIONS_use_heavy_assault_tanks	0	0	0	
WA_AI_CONFIG_DIVISIONS_use_heavy_at	27	2	0	common/scripted_effects/WA_AI_DIVISION_CREATOR_effects.txt;common/scripted_localisation/WA_AI_DIVISION_CREATOR_scripted_loc.txt
WA_AI_CONFIG_DIVISIONS_use_heavy_infantry_support_tanks	0	0	0	
WA_AI_CONFIG_DIVISIONS_use_heavy_self_propelled_gun	5	2	0	common/scripted_triggers/WA_AI_RESEARCH_tanks.txt;common/scripted_triggers/WA_AI_TEMPLATES_triggers.txt
WA_AI_CONFIG_DIVISIONS_use_heavy_tank_destroyers	1	1	0	common/scripted_triggers/WA_AI_RESEARCH_tanks.txt
WA_AI_CONFIG_DIVISIONS_use_light_assault_tanks	0	0	0	
WA_AI_CONFIG_DIVISIONS_use_light_infantry_support_tanks	0	0	0	
WA_AI_CONFIG_DIVISIONS_use_light_self_propelled_aa	2	1	0	common/scripted_triggers/WA_AI_RESEARCH_tanks.txt
WA_AI_CONFIG_DIVISIONS_use_light_self_propelled_gun	4	1	0	common/scripted_triggers/WA_AI_RESEARCH_tanks.txt
WA_AI_CONFIG_DIVISIONS_use_light_tank_destroyers	1	1	0	common/scripted_triggers/WA_AI_RESEARCH_tanks.txt
WA_AI_CONFIG_DIVISIONS_use_line_support	2	1	0	common/scripted_effects/WA_AI_TEMPLATES_effects.txt
WA_AI_CONFIG_DIVISIONS_use_mechanized_divisions	6	4	2	common/scripted_effects/WA_TEST_armor_budget.txt;common/scripted_triggers/WA_AI_RESEARCH_support.txt;common/scripted_triggers/WA_AI_RESEARCH_tanks.txt;common/scripted_triggers/WA_AI_TEMPLATES_triggers.txt
WA_AI_CONFIG_DIVISIONS_use_mechanized_self_propelled_aa	2	1	0	common/scripted_triggers/WA_AI_RESEARCH_tanks.txt
WA_AI_CONFIG_DIVISIONS_use_mechanized_self_propelled_gun	2	1	0	common/scripted_triggers/WA_AI_RESEARCH_tanks.txt
WA_AI_CONFIG_DIVISIONS_use_mechanized_tank_destroyers	1	1	0	common/scripted_triggers/WA_AI_RESEARCH_tanks.txt
WA_AI_CONFIG_DIVISIONS_use_medium_assault_tanks	0	0	0	
WA_AI_CONFIG_DIVISIONS_use_medium_infantry_support_tanks	0	0	0	
WA_AI_CONFIG_DIVISIONS_use_medium_self_propelled_aa	8	3	0	common/scripted_effects/WA_AI_DIVISION_CREATOR_effects.txt;common/scripted_localisation/WA_AI_DIVISION_CREATOR_scripted_loc.txt;common/scripted_triggers/WA_AI_RESEARCH_tanks.txt
WA_AI_CONFIG_DIVISIONS_use_medium_self_propelled_gun	16	3	0	common/scripted_effects/WA_AI_DIVISION_CREATOR_effects.txt;common/scripted_localisation/WA_AI_DIVISION_CREATOR_scripted_loc.txt;common/scripted_triggers/WA_AI_RESEARCH_tanks.txt
WA_AI_CONFIG_DIVISIONS_use_medium_tank_destroyers	17	3	0	common/scripted_effects/WA_AI_DIVISION_CREATOR_effects.txt;common/scripted_localisation/WA_AI_DIVISION_CREATOR_scripted_loc.txt;common/scripted_triggers/WA_AI_RESEARCH_tanks.txt
WA_AI_CONFIG_DIVISIONS_use_modern_assault_tanks	0	0	0	
WA_AI_CONFIG_DIVISIONS_use_modern_infantry_support_tanks	0	0	0	
WA_AI_CONFIG_DIVISIONS_use_modern_self_propelled_aa	2	1	0	common/scripted_triggers/WA_AI_RESEARCH_tanks.txt
WA_AI_CONFIG_DIVISIONS_use_modern_self_propelled_gun	4	1	0	common/scripted_triggers/WA_AI_RESEARCH_tanks.txt
WA_AI_CONFIG_DIVISIONS_use_modern_tank_destroyers	1	1	0	common/scripted_triggers/WA_AI_RESEARCH_tanks.txt
WA_AI_CONFIG_DIVISIONS_use_motorized_divisions	2	1	1	common/scripted_triggers/WA_AI_TEMPLATES_triggers.txt
WA_AI_CONFIG_DIVISIONS_use_rocket_artillery	1	1	0	common/scripted_triggers/WA_AI_RESEARCH_army.txt
WA_AI_CONFIG_DIVISIONS_uses_motorized_hq	8	1	2	history/general/taog_hq_template.txt
WA_AI_CONFIG_MILITARY_is_allied_minor_invasion_suppressed	1	1	0	common/ai_strategy/WA_AI_MILITARY_FACTION_ALLIES_INVASION.txt
WA_AI_CONFIG_MILITARY_is_allied_naval_corridor_user	22	1	0	common/ai_strategy/WA_AI_NAVAL_FACTION_ALLIES.txt
WA_AI_CONFIG_MILITARY_is_anglo_major	30	8	0	common/ai_strategy/WA_AI_MILITARY_FACTION_ALLIES_DIPLOMACY.txt;common/ai_strategy/WA_AI_MILITARY_FACTION_ALLIES_FRONT.txt;common/ai_strategy/WA_AI_MILITARY_FACTION_ALLIES_INVASION.txt;common/ai_strategy/WA_AI_MILITARY_FACTION_ALLIES_THEATRE.txt;common/ai_strategy/WA_AI_NAVAL_COUNTRY_ENG.txt;common/ai_strategy/WA_AI_NAVAL_COUNTRY_USA.txt;common/ai_strategy/WA_AI_NAVAL_FACTION_ALLIES.txt;common/scripted_effects/WA_AI_misc_effects.txt
WA_AI_CONFIG_MILITARY_is_axis_continental_core	1	1	1	common/ai_strategy/WA_AI_MILITARY_FACTION_AXIS_FRONT.txt
WA_AI_CONFIG_MILITARY_is_axis_eastern_force	5	1	1	common/ai_strategy/WA_AI_MILITARY_FACTION_AXIS_FRONT.txt
WA_AI_CONFIG_MILITARY_is_axis_eastern_force_extended	2	1	0	common/ai_strategy/WA_AI_MILITARY_FACTION_AXIS_FRONT.txt
WA_AI_CONFIG_MILITARY_is_axis_european_major	1	1	0	common/scripted_triggers/WA_AI_PRODUCTION_army_composition.txt
WA_AI_CONFIG_MILITARY_is_axis_minor	7	3	0	common/ai_strategy/WA_AI_MILITARY_FACTION_AXIS_DIPLOMACY.txt;common/ai_strategy/WA_AI_MILITARY_FACTION_AXIS_FRONT.txt;common/scripted_triggers/WA_AI_MILITARY_triggers.txt
WA_AI_CONFIG_MILITARY_is_axis_minor_east	3	3	0	common/ai_strategy/WA_AI_MILITARY_FACTION_AXIS_DIPLOMACY.txt;common/ai_strategy/WA_AI_MILITARY_FACTION_AXIS_INVASION.txt;common/ai_strategy/WA_AI_MILITARY_FACTION_AXIS_THEATRE.txt
WA_AI_CONFIG_MILITARY_is_axis_non_german_member	1	1	0	common/ai_strategy/WA_AI_NAVAL_FACTION_AXIS.txt
WA_AI_CONFIG_MILITARY_is_british_mission_owner	7	2	0	common/ai_strategy/WA_AI_MILITARY_FACTION_ALLIES_FRONT.txt;common/scripted_triggers/WA_AI_MILITARY_triggers.txt
WA_AI_CONFIG_MILITARY_is_chinese_warlord	2	2	0	common/ai_strategy/WA_AI_MILITARY_FACTION_CHINA_FRONT_DIPLOMACY.txt;common/ai_strategy/WA_AI_MILITARY_FACTION_CHINA_FRONT_FRONT.txt
WA_AI_CONFIG_MILITARY_is_commonwealth_africa_topup	1	1	0	common/ai_strategy/WA_AI_MILITARY_FACTION_ALLIES_THEATRE.txt
WA_AI_CONFIG_MILITARY_is_commonwealth_east_africa	2	2	0	common/ai_strategy/WA_AI_MILITARY_COUNTRY_RAJ_FRONT.txt;common/scripted_triggers/WA_AI_MILITARY_triggers.txt
WA_AI_CONFIG_MILITARY_is_commonwealth_egypt_guard	5	4	0	common/ai_strategy/WA_AI_MILITARY_COUNTRY_SAF_DIPLOMACY.txt;common/ai_strategy/WA_AI_MILITARY_COUNTRY_SAF_FRONT.txt;common/ai_strategy/WA_AI_MILITARY_COUNTRY_SAF_THEATRE.txt;common/scripted_triggers/WA_AI_MILITARY_triggers.txt
WA_AI_CONFIG_MILITARY_is_commonwealth_egypt_support	5	4	0	common/ai_strategy/WA_AI_MILITARY_COUNTRY_RAJ_DIPLOMACY.txt;common/ai_strategy/WA_AI_MILITARY_COUNTRY_RAJ_FRONT.txt;common/ai_strategy/WA_AI_MILITARY_COUNTRY_RAJ_THEATRE.txt;common/scripted_triggers/WA_AI_MILITARY_triggers.txt
WA_AI_CONFIG_MILITARY_is_commonwealth_gulf_guard	7	2	0	common/ai_strategy/WA_AI_MILITARY_COUNTRY_RAJ_THEATRE.txt;common/scripted_triggers/WA_AI_MILITARY_triggers.txt
WA_AI_CONFIG_MILITARY_is_commonwealth_uk_guard	11	4	0	common/ai_strategy/WA_AI_MILITARY_COUNTRY_CAN_DIPLOMACY.txt;common/ai_strategy/WA_AI_MILITARY_COUNTRY_CAN_FRONT.txt;common/ai_strategy/WA_AI_MILITARY_COUNTRY_CAN_THEATRE.txt;common/scripted_triggers/WA_AI_MILITARY_triggers.txt
WA_AI_CONFIG_MILITARY_is_german_homeland_power	0	0	0	
WA_AI_CONFIG_MILITARY_is_iberian	4	2	0	common/ai_strategy/WA_AI_MILITARY_FACTION_AXIS_DIPLOMACY.txt;common/ai_strategy/WA_AI_MILITARY_FACTION_AXIS_FRONT.txt
WA_AI_CONFIG_MILITARY_is_italian_frontier_tripwire_force	1	1	0	common/ai_strategy/WA_AI_MILITARY_FACTION_ALLIES_THEATRE.txt
WA_AI_CONFIG_MILITARY_is_major_naval	1	1	0	common/scripted_effects/WA_TLM_core.txt
WA_AI_CONFIG_MILITARY_is_minor_naval	0	0	0	
WA_AI_CONFIG_MILITARY_is_pacific_commonwealth	2	2	0	common/scripted_effects/WA_TEST_total_commitment.txt;common/scripted_triggers/WA_AI_MILITARY_triggers.txt
WA_AI_CONFIG_MILITARY_is_pacific_expansionist	2	1	0	common/scripted_triggers/WA_AI_MILITARY_triggers.txt
WA_AI_CONFIG_MILITARY_is_south_american	4	2	0	common/ai_strategy/WA_AI_MILITARY_REGION_SOUTH_AMERICA_DIPLOMACY.txt;common/ai_strategy/WA_AI_MILITARY_REGION_SOUTH_AMERICA_INVASION.txt
WA_AI_CONFIG_MILITARY_is_western_allies_air_power	6	1	0	common/ai_strategy/WA_AI_MILITARY_FACTION_ALLIES_AIR.txt
WA_AI_CONFIG_MILITARY_is_western_allies_major	34	5	0	common/ai_strategy/WA_AI_MILITARY_FACTION_ALLIES_AIR.txt;common/ai_strategy/WA_AI_MILITARY_FACTION_ALLIES_FRONT.txt;common/ai_strategy/WA_AI_MILITARY_FACTION_ALLIES_INVASION.txt;common/ai_strategy/WA_AI_MILITARY_FACTION_ALLIES_THEATRE.txt;common/ai_strategy/WA_AI_NAVAL_FACTION_ALLIES.txt
WA_AI_CONFIG_MILITARY_is_western_european_bulwark	1	1	0	common/scripted_triggers/WA_AI_MILITARY_triggers.txt
WA_AI_CONFIG_MILITARY_is_western_invasion_pool	8	4	0	common/ai_strategy/WA_AI_MILITARY_FACTION_ALLIES_DIPLOMACY.txt;common/ai_strategy/WA_AI_MILITARY_FACTION_ALLIES_FRONT.txt;common/ai_strategy/WA_AI_MILITARY_FACTION_ALLIES_INVASION.txt;common/ai_strategy/WA_AI_MILITARY_FACTION_ALLIES_THEATRE.txt
WA_AI_CONFIG_MILITARY_italian_power_shares_german_ideology	1	1	0	common/scripted_triggers/WA_AI_MILITARY_triggers.txt
WA_AI_CONFIG_MILITARY_owns_naval_atlantic_corridor	1	1	0	common/scripted_triggers/WA_AI_MILITARY_triggers.txt
WA_AI_CONFIG_MILITARY_owns_naval_home_defense	1	1	0	common/scripted_triggers/WA_AI_MILITARY_triggers.txt
WA_AI_CONFIG_MILITARY_owns_naval_pacific_corridor	1	1	0	common/scripted_triggers/WA_AI_MILITARY_triggers.txt
WA_AI_CONFIG_MILITARY_pacific_high_risk	5	3	0	common/ai_strategy/WA_AI_MILITARY_COUNTRY_USA_THEATRE.txt;common/ai_strategy/WA_AI_MILITARY_FACTION_ALLIES_DIPLOMACY.txt;common/scripted_triggers/WA_AI_MILITARY_triggers.txt
WA_AI_CONFIG_MILITARY_pacific_offensive_posture	1	1	0	common/scripted_triggers/WA_AI_MILITARY_triggers.txt
WA_AI_CONFIG_MILITARY_western_bulwark_is_collapsing	1	1	0	common/scripted_triggers/WA_AI_MILITARY_triggers.txt
WA_AI_CONFIG_PC_is_disabled	2	2	0	common/on_actions/WA_AI_misc_on_actions.txt;events/WA_AI_misc.txt
WA_AI_CONFIG_RAILWAY_has_scripted_override	1	1	0	common/scripted_effects/WA_AI_CONSTRUCTION_PRIORITY_railway_strategies.txt
WA_AI_CONFIG_RAILWAY_override_GER_to_SOV	1	1	1	common/scripted_effects/WA_AI_CONSTRUCTION_PRIORITY_railway_strategies.txt
WA_AI_CONFIG_TEMPLATES_admits_medium_armor	5	3	1	common/scripted_effects/WA_TEST_armor_budget.txt;common/scripted_triggers/WA_AI_PRODUCTION_army_composition.txt;common/scripted_triggers/WA_AI_TEMPLATES_triggers.txt
WA_AI_CONFIG_TEMPLATES_focus_on_heavy_armor	1	1	0	common/scripted_triggers/WA_AI_TEMPLATES_triggers.txt
WA_AI_CONFIG_can_research_nuclear	1	1	0	common/scripted_triggers/WA_AI_RESEARCH_electronics.txt
WA_AI_CONFIG_can_research_rockets	1	1	0	common/scripted_triggers/WA_AI_RESEARCH_electronics.txt
WA_AI_CONFIG_cheats_enabled	1	1	0	common/decisions/z_WA_ai_CHI.txt
WA_AI_CONFIG_early_game_army_expansion_override	21	4	0	common/ai_strategy/WA_AI_PRODUCTION_DEFAULT_army_composition.txt;common/scripted_effects/WA_TEST_armor_budget.txt;common/scripted_triggers/WA_AI_PRODUCTION_army_composition.txt;common/scripted_triggers/WA_AI_TEMPLATES_triggers.txt
WA_AI_CONFIG_faces_strategic_bombing	2	2	0	common/scripted_triggers/WA_AI_EQUIPMENT_triggers.txt;common/scripted_triggers/WA_AI_RESEARCH_industry.txt
WA_AI_CONFIG_focus_on_cruiser_submarines	5	4	0	common/ai_equipment/GER_naval.txt;common/ai_equipment/SOV_naval.txt;common/scripted_triggers/WA_AI_PRODUCTION_navy.txt;common/scripted_triggers/WA_AI_RESEARCH_naval.txt
WA_AI_CONFIG_focus_on_escorts	3	2	0	common/scripted_triggers/WA_AI_PRODUCTION_navy.txt;common/scripted_triggers/WA_AI_RESEARCH_electronics.txt
WA_AI_CONFIG_focus_on_minelayers	3	3	0	common/scripted_triggers/WA_AI_PRODUCTION_navy.txt;common/scripted_triggers/WA_AI_RESEARCH_electronics.txt;common/scripted_triggers/WA_AI_RESEARCH_naval.txt
WA_AI_CONFIG_has_amphibious_doctrine	1	1	0	common/scripted_triggers/WA_AI_RESEARCH_electronics.txt
WA_AI_CONFIG_has_penalised_army_xp_gain	2	2	0	common/scripted_effects/WA_TEST_armor_budget.txt;common/scripted_triggers/WA_AI_TEMPLATES_triggers.txt
WA_AI_CONFIG_has_special_ai_navy_files	0	0	0	
WA_AI_CONFIG_is_battleship_navy	16	4	1	common/country_leader/00_traits.txt;common/scripted_triggers/WA_AI_DOCTRINES_navy.txt;common/scripted_triggers/WA_AI_RESEARCH_electronics.txt;common/scripted_triggers/WA_AI_RESEARCH_naval.txt
WA_AI_CONFIG_is_carrier_navy	21	5	1	common/country_leader/00_traits.txt;common/scripted_triggers/WA_AI_DOCTRINES_air.txt;common/scripted_triggers/WA_AI_DOCTRINES_navy.txt;common/scripted_triggers/WA_AI_RESEARCH_electronics.txt;common/scripted_triggers/WA_AI_RESEARCH_naval.txt
WA_AI_CONFIG_is_close_air_support_airforce	17	3	0	common/country_leader/00_traits.txt;common/scripted_triggers/WA_AI_DOCTRINES_air.txt;common/scripted_triggers/WA_AI_RESEARCH_air.txt
WA_AI_CONFIG_is_deep_battle	13	2	0	common/country_leader/00_traits.txt;common/scripted_triggers/WA_AI_DOCTRINES_land.txt
WA_AI_CONFIG_is_escort_navy	8	4	1	common/ai_equipment/ENG_naval.txt;common/country_leader/00_traits.txt;common/scripted_triggers/WA_AI_DOCTRINES_navy.txt;common/scripted_triggers/WA_AI_RESEARCH_naval.txt
WA_AI_CONFIG_is_grand_battle_plan	9	1	0	common/scripted_triggers/WA_AI_DOCTRINES_land.txt
WA_AI_CONFIG_is_grand_battle_plan_defensive	5	2	1	common/country_leader/00_traits.txt;common/scripted_triggers/WA_AI_DOCTRINES_land.txt
WA_AI_CONFIG_is_grand_battle_plan_offensive	4	2	1	common/country_leader/00_traits.txt;common/scripted_triggers/WA_AI_DOCTRINES_land.txt
WA_AI_CONFIG_is_in_allies	1	1	2	common/scripted_triggers/WA_AI_MILITARY_triggers.txt
WA_AI_CONFIG_is_major_country	24	11	5	common/ai_strategy/WA_AI_MILITARY_DEFAULT_INVASION.txt;common/scripted_effects/WA_TLM_core.txt;common/scripted_triggers/WA_AI_MILITARY_triggers.txt;common/scripted_triggers/WA_AI_PRODUCTION_ground.txt;common/scripted_triggers/WA_AI_PRODUCTION_navy.txt;common/scripted_triggers/WA_AI_RESEARCH_air.txt;common/scripted_triggers/WA_AI_RESEARCH_army.txt;common/scripted_triggers/WA_AI_RESEARCH_electronics.txt;common/scripted_triggers/WA_AI_RESEARCH_industry.txt;common/scripted_triggers/WA_AI_RESEARCH_naval.txt;common/scripted_triggers/WA_AI_RESEARCH_tanks.txt
WA_AI_CONFIG_is_minor_country	15	2	3	common/scripted_triggers/WA_AI_DOCTRINES_land.txt;common/scripted_triggers/WA_AI_PRODUCTION_navy.txt
WA_AI_CONFIG_is_mobile_warfare	15	2	0	common/country_leader/00_traits.txt;common/scripted_triggers/WA_AI_DOCTRINES_land.txt
WA_AI_CONFIG_is_reichskommissariat	2	1	0	common/scripted_triggers/WA_AI_PRODUCTION_army_composition.txt
WA_AI_CONFIG_is_reserve_materiel_limited	1	1	0	common/scripted_triggers/WA_reserves_triggers.txt
WA_AI_CONFIG_is_strategic_bombing_airforce	22	6	1	common/country_leader/00_traits.txt;common/scripted_triggers/WA_AI_DOCTRINES_air.txt;common/scripted_triggers/WA_AI_EQUIPMENT_triggers.txt;common/scripted_triggers/WA_AI_RESEARCH_air.txt;common/scripted_triggers/WA_AI_RESEARCH_electronics.txt;common/scripted_triggers/WA_AI_RESEARCH_industry.txt
WA_AI_CONFIG_is_strategic_oil_exporter	1	1	0	common/scripted_triggers/WA_AI_RESOURCE_NEEDS_triggers.txt
WA_AI_CONFIG_is_strategic_rubber_exporter	1	1	0	common/scripted_triggers/WA_AI_RESOURCE_NEEDS_triggers.txt
WA_AI_CONFIG_is_strategic_tungsten_exporter	1	1	0	common/scripted_triggers/WA_AI_RESOURCE_NEEDS_triggers.txt
WA_AI_CONFIG_is_submarine_navy	16	5	1	common/country_leader/00_traits.txt;common/scripted_triggers/WA_AI_DOCTRINES_navy.txt;common/scripted_triggers/WA_AI_RESEARCH_electronics.txt;common/scripted_triggers/WA_AI_RESEARCH_naval.txt;common/scripted_triggers/WA_AI_TEMPLATES_triggers.txt
WA_AI_CONFIG_is_superior_firepower	14	2	0	common/country_leader/00_traits.txt;common/scripted_triggers/WA_AI_DOCTRINES_land.txt
WA_AI_CONFIG_is_tactical_bombing_airforce	13	2	0	common/scripted_triggers/WA_AI_DOCTRINES_air.txt;common/scripted_triggers/WA_AI_RESEARCH_air.txt
WA_AI_CONFIG_main_focus_on_carriers	1	1	0	common/scripted_triggers/WA_AI_PRODUCTION_navy.txt
WA_AI_CONFIG_main_focus_on_submarines	7	1	0	common/scripted_triggers/WA_AI_PRODUCTION_navy.txt
WA_AI_CONFIG_majors_should_build_capitals	4	1	0	common/ai_strategy/WA_AI_PRODUCTION_DEFAULT_navy.txt
WA_AI_CONFIG_needs_cv_planes	5	2	0	common/scripted_triggers/WA_AI_PRODUCTION_carrier_planes.txt;common/scripted_triggers/WA_AI_RESEARCH_air.txt
WA_AI_CONFIG_needs_synth_fuel	1	1	0	common/scripted_triggers/WA_AI_RESEARCH_industry.txt
WA_AI_CONFIG_needs_synth_rubber	1	1	0	common/scripted_triggers/WA_AI_RESEARCH_industry.txt
WA_AI_CONFIG_prospect_resource_disabled	9	1	0	common/scripted_triggers/WA_AI_RESOURCE_NEEDS_triggers.txt
WA_AI_CONFIG_secondary_focus_on_carriers	2	2	0	common/scripted_triggers/WA_AI_PRODUCTION_navy.txt;common/scripted_triggers/WA_AI_RESEARCH_naval.txt
WA_AI_CONFIG_switch_from_light_to_medium_armor	3	2	2	common/scripted_effects/WA_TEST_armor_budget.txt;common/scripted_triggers/WA_AI_TEMPLATES_triggers.txt
WA_AI_CONFIG_uses_default_army_composition	1	1	0	common/scripted_triggers/WA_AI_PRODUCTION_army_composition.txt
WA_AI_CONFIG_uses_default_ground_production	1	1	0	common/scripted_triggers/WA_AI_PRODUCTION_ground.txt
WA_AI_CONFIG_uses_default_tanks_production	1	1	0	common/scripted_triggers/WA_AI_PRODUCTION_tanks.txt
WA_AI_DIFFICULTY_is_competitive	70	3	1	common/scripted_triggers/WA_AI_DOCTRINES_air.txt;common/scripted_triggers/WA_AI_DOCTRINES_land.txt;common/scripted_triggers/WA_AI_DOCTRINES_navy.txt
WA_AI_DIFFICULTY_is_competitive_hard	1	1	1	common/scripted_effects/WA_AI_DIVISION_CREATOR_effects.txt
WA_AI_DIFFICULTY_is_competitive_normal	0	0	0	
WA_AI_DIFFICULTY_is_historical	279	11	4	common/ai_strategy/WA_AI_MILITARY_COUNTRY_GER_FRONT.txt;common/ideas/zzz_ministries.txt;common/on_actions/WA_AI_misc_on_actions.txt;common/scripted_effects/WA_AI_LANDING_effects.txt;common/scripted_triggers/WA_AI_DOCTRINES_air.txt;common/scripted_triggers/WA_AI_DOCTRINES_land.txt;common/scripted_triggers/WA_AI_DOCTRINES_navy.txt;common/scripted_triggers/WA_AI_MILITARY_triggers.txt;common/scripted_triggers/WA_AI_PRODUCTION_army_composition.txt;events/WA_AI_Capitals.txt;events/WA_AI_invasions.txt
WA_AI_DIFFICULTY_is_historical_easy	1	1	0	common/scripted_effects/WA_AI_DIVISION_CREATOR_effects.txt
WA_AI_DIFFICULTY_is_historical_hard	1	1	1	common/scripted_effects/WA_AI_DIVISION_CREATOR_effects.txt
WA_AI_DIFFICULTY_is_historical_normal	0	0	0	
WA_AI_MILITARY_pacific_high_risk	0	0	1	